ID,13YA-VS-13AA,16YA-VS-16AA,22XA-VS-22AA,26XA-VS-26AA,27XA-VS-27AA,28XA-VS-28AA,29XA-VS-29AA,32YA-VS-32BA,33XA-VS-33BA,34YA-VS-34AA,35YA-VS-35AA,36XA-VS-36BA,37XA-VS-37BA,38YA-VS-38AA,39YA-VS-39AA,43YA-VS-43BA,47YA-VS-47BA,51YA-VS-51BA,54YA-VS-54ARA,57XA-VS-57AA,58XA-VS-58BA,59YA-VS-59BA,60YA-VS-60AA,61XA-VS-61BA,63YA-VS-63BA,64YA-VS-64BA,69XA-VS-69AA,71YA-VS-71AA,73XA-VS-73BZA,75YA-VS-75AA,79YA-VS-79DA,7YA-VS-7AA,89XA-VS-89BA,95YA-VS-95BA,9YA-VS-9AA
BRAF,missense variant,,missense variant,,,missense variant,missense variant,,,missense variant,,,,missense variant,missense variant,missense variant,missense variant,missense variant,missense variant,missense variant,missense variant,,missense variant,missense variant,missense variant,,,missense variant,missense variant,missense variant,,missense variant;splicing variant,missense variant,,missense variant
CHD3,,,missense variant,missense variant,missense variant,,missense variant,missense variant,,,,missense variant,,missense variant,,missense variant,missense variant,,,,,,,,,,,missense variant,missense variant,,,missense variant,,missense variant,
CPAMD8,missense variant,,missense variant,,,splicing variant,,missense variant,,,,,missense variant;splicing variant,,,,missense variant,,,,nonsense variant,,,missense variant,,,missense variant,,missense variant,,,,,missense variant,missense variant
CT45A5,,missense variant,missense variant,,,,,,,missense variant,,,,,,,,,,nonsense variant,missense variant,,,missense variant,,,,,,,,nonsense variant,,,
DLL3,,splicing variant,,,,,,,,,,,,,splicing variant,,,,,missense variant,,,,splicing variant,,missense variant,,,splicing variant,,missense variant,missense variant,,,missense variant
DNAH9,,,,missense variant,,missense variant,,,,missense variant,,,missense variant,,,,,,,missense variant,,,missense variant,,,,missense variant,,,,,,,,
E2F5,missense variant,,nonsense variant,,,,missense variant,,,,,,missense variant,,,missense variant,missense variant,,,,,missense variant,,,,,missense variant,missense variant,,,,,,,
FIZ1,,,missense variant,,,,,,,,,,missense variant,,,missense variant,missense variant,,,,missense variant,,missense variant,,,,missense variant,,,,,,,,
FOXE1,,,missense variant,,,,,,,missense variant,,missense variant,,,,missense variant,,,,,,missense variant,,,,,missense variant,,missense variant,,missense variant,,,,missense variant
GRIK4,,,,missense variant,,,,,missense variant,,,missense variant,,,,,,,,,,,missense variant,missense variant,missense variant,,missense variant,,missense variant,missense variant,,,,,
HES7,,,missense variant,,,missense variant,missense variant,,,,,,,,,,missense variant,,,,missense variant,,,,,missense variant,missense variant,,,,,missense variant,,,
HLA-G,missense variant,,missense variant,,,missense variant,,,missense variant;splicing variant,missense variant,,,,splicing variant,,missense variant,,missense variant,missense variant,,nonsense variant,,,,,,missense variant,,missense variant;splicing variant;nonsense variant,missense variant,,,,missense variant,
HMGA2,,,,,missense variant,,nonsense variant,,,,,missense variant,,,,,,missense variant,,,,,,,,,,,,missense variant,missense variant,,,nonsense variant,
HNRNPUL2,,missense variant,,,,,,,,,,,,,,,,missense variant,,,,,,,missense variant,,missense variant,missense variant,missense variant,,,missense variant,,,missense variant
KDM6B,missense variant,,missense variant,,,,,,missense variant,,missense variant,,missense variant,missense variant,,missense variant,missense variant,,,,missense variant,,,missense variant,missense variant,,missense variant,,,,missense variant,,,,
MAML1,missense variant,,missense variant,missense variant,missense variant,,,,,,,,,,missense variant,missense variant,,,,,,,missense variant,,missense variant,,,,missense variant,,,,,,
MAP3K4,missense variant,,,,,missense variant;splicing variant,,,,,,,,,nonsense variant,missense variant,missense variant,,,splicing variant,,missense variant,missense variant,,,missense variant,,,,,,missense variant,,,
MAPK3,,,,,,,,,,,,,,,missense variant,missense variant,,missense variant,missense variant,,,nonsense variant,,,missense variant,,,,,,,,nonsense variant,,
MDC1,missense variant;splicing variant,,,missense variant,,,,,missense variant,,,,,,,,,,,missense variant,,,,,,,,missense variant,,,,,missense variant,missense variant,
MMP28,,,,,,missense variant,,missense variant,,,,,,,,,,,,missense variant,,,missense variant;nonsense variant,,nonsense variant,,,,,,,nonsense variant,,missense variant,
MRI1,,missense variant,,,,missense variant,missense variant,missense variant,,,,,missense variant,,,,,missense variant;splicing variant,missense variant,,,splicing variant,missense variant,,,,,missense variant,,,missense variant,missense variant,,missense variant;splicing variant,
MUC5B,missense variant;splicing variant,missense variant,missense variant;splicing variant,,,nonsense variant,,missense variant,,,,splicing variant,missense variant,missense variant,,,,,missense variant,missense variant,,missense variant;splicing variant,,missense variant;splicing variant,,,,,missense variant,,,,missense variant;nonsense variant,missense variant,
NCOR2,missense variant;splicing variant,,,missense variant;splicing variant,,,missense variant,,missense variant,,missense variant,,,,,missense variant,,missense variant,,,missense variant,,missense variant,missense variant,,splicing variant,missense variant;splicing variant,missense variant,,,missense variant;splicing variant,missense variant,missense variant,missense variant,missense variant
NOTCH3,,missense variant,missense variant,,,,,missense variant,,missense variant,,,splicing variant,,,missense variant,,,missense variant,missense variant;splicing variant,missense variant,missense variant,,missense variant,,,,,splicing variant,missense variant,,,,,missense variant
PCNT,splicing variant,,,missense variant,,splicing variant,,,,,,,,missense variant,missense variant,missense variant,,,,missense variant;splicing variant,splicing variant,,,,,missense variant;splicing variant,,splicing variant,,,missense variant,,,,
PKD1,missense variant,missense variant,missense variant;nonsense variant,,,,,,,,,,missense variant;splicing variant,missense variant,missense variant;splicing variant,splicing variant,,missense variant,,missense variant;splicing variant,,splicing variant,splicing variant,,missense variant,,,,,missense variant,missense variant,,missense variant,,
PODN,missense variant,,,missense variant,missense variant,missense variant,,,,,,,missense variant,,missense variant,,,,,missense variant,missense variant,,,,,missense variant,,,,,,,,missense variant,
PRDM13,,missense variant,,,,,,,,missense variant,,missense variant,,missense variant,,missense variant,,,missense variant,,,missense variant,missense variant,missense variant,,,missense variant,missense variant,missense variant,,,missense variant,,,missense variant
RERE,,,,,,missense variant,,missense variant,,missense variant,,,missense variant,missense variant,missense variant,,missense variant,,missense variant,,missense variant,,,,missense variant,missense variant,missense variant,,,,missense variant,,,missense variant,missense variant
RTN1,missense variant,,,,,,missense variant,,,,,,missense variant,,,,,missense variant,missense variant,missense variant,,,missense variant,,missense variant,,missense variant,,missense variant,,missense variant,,,,
SPTBN5,,,,,,,,,,,,,,,,,,,missense variant,splicing variant,,missense variant,,,,,missense variant,,missense variant,missense variant,,,,missense variant,missense variant
VEGFA,,,missense variant,,,missense variant,,,missense variant,,,,,,,,missense variant,missense variant,,,,,missense variant,missense variant,missense variant,,,missense variant,,,missense variant;nonsense variant,,,,missense variant
